Subjective measures,Addiction,Duration,Value
Level of interest,Addicted,Short,1.6023849372821761
Level of interest,Addicted,Short,5.235531459088824
Level of interest,Addicted,Short,5.595962505569077
Level of interest,Addicted,Short,3.6915565952766447
Level of interest,Addicted,Short,3.52826850458802
Level of interest,Addicted,Short,4.3626060283177415
Level of interest,Addicted,Short,5.0688635450312844
Level of interest,Addicted,Short,3.7064035420243764
Level of interest,Addicted,Short,4.913799574999773
Level of interest,Addicted,Short,6.923259614578601
Level of interest,Addicted,Short,6.982963431152585
Level of interest,Addicted,Short,4.025562337000623
Level of interest,Addicted,Short,6.240327584339266
Level of interest,Addicted,Short,3.5257665184215163
Level of interest,Addicted,Short,5.3280313206894725
Level of interest,Addicted,Short,5.540279741229902
Level of interest,Addicted,Short,5.4307189575160395
Level of interest,Addicted,Short,2.647827414892719
Level of interest,Addicted,Short,5.40486367972386
Level of interest,Addicted,Short,6.52437247147024
Level of interest,Addicted,Short,3.0496972138798326
Level of interest,Addicted,Short,7.408532089724078
Level of interest,Addicted,Short,4.7105170482876515
Level of interest,Addicted,Short,3.6527746632196916
Level of interest,Addicted,Short,5.266853358468492
Level of interest,Addicted,Short,5.7444624095417565
Level of interest,Addicted,Short,6.229113939315223
Level of interest,Addicted,Short,4.859440856031136
Level of interest,Addicted,Short,6.949452664239455
Level of interest,Addicted,Short,5.425760588384271
Level of interest,Addicted,Short,4.546516986807079
Level of interest,Addicted,Short,3.61761855967322
Level of interest,Addicted,Short,4.670711496174067
Level of interest,Addicted,Short,5.632924772887581
Level of interest,Addicted,Short,3.744270906367867
Level of interest,Addicted,Short,4.795950924573841
Level of interest,Addicted,Short,5.522594577343631
Level of interest,Addicted,Short,2.395468778964152
Level of interest,Addicted,Short,2.9289306000255007
Level of interest,Addicted,Short,2.4918202371549283
Level of interest,Addicted,Short,6.494141664160947
Level of interest,Addicted,Short,6.765731769736359
Level of interest,Addicted,Short,2.327314279558671
Level of interest,Addicted,Short,6.626952060796796
Level of interest,Addicted,Short,2.340776067985252
Level of interest,Addicted,Short,4.0897029041691875
Level of interest,Addicted,Short,5.428827256262455
Level of interest,Addicted,Short,4.117521852018911
Level of interest,Addicted,Short,5.560714017171619
Level of interest,Addicted,Short,6.9330067712779595
Level of interest,Addicted,Short,4.186705491295056
Level of interest,Addicted,Short,5.248480259155615
Level of interest,Addicted,Short,4.858345603921196
Level of interest,Addicted,Short,1.579438119571233
Level of interest,Addicted,Short,3.7937478369284614
Level of interest,Addicted,Short,3.671771201061696
Level of interest,Addicted,Short,3.4290886549629684
Level of interest,Addicted,Short,4.345046270027855
Level of interest,Addicted,Short,2.345587485898407
Level of interest,Addicted,Short,4.356108694441159
Level of interest,Addicted,Short,4.395978366898451
Level of interest,Addicted,Short,5.200579803746335
Level of interest,Addicted,Short,4.758841947137216
Level of interest,Addicted,Short,6.591129670156455
Level of interest,Addicted,Short,5.015874041534452
Level of interest,Addicted,Short,2.8744704420635703
Level of interest,Addicted,Short,4.104493767728361
Level of interest,Addicted,Short,4.895441288060838
Level of interest,Addicted,Short,7.076977331872609
Level of interest,Addicted,Short,5.10592802572849
Level of interest,Addicted,Short,6.209140451586528
Level of interest,Addicted,Short,4.48334386786369
Level of interest,Addicted,Short,5.692302566726337
Level of interest,Addicted,Short,0.831054646335629
Level of interest,Addicted,Short,7.166935457586794
Level of interest,Addicted,Short,4.415601443819926
Level of interest,Addicted,Short,5.522624780390519
Level of interest,Addicted,Short,5.9597163354289
Level of interest,Addicted,Short,5.21094901574859
Level of interest,Addicted,Short,4.372551142516276
Level of interest,Addicted,Short,5.636651926675381
Level of interest,Addicted,Short,6.061541866589973
Level of interest,Addicted,Short,4.579379726537228
Level of interest,Addicted,Short,3.084233547803639
Level of interest,Addicted,Short,4.393437135041693
Level of interest,Addicted,Short,1.8758401461844598
Level of interest,Addicted,Short,5.295455601327882
Level of interest,Addicted,Short,5.9939745618792415
Level of interest,Addicted,Short,6.568040520235565
Level of interest,Addicted,Short,5.544497629070557
Level of interest,Addicted,Short,6.485273138427665
Level of interest,Addicted,Short,7.396526337886766
Level of interest,Addicted,Short,4.396788845359847
Level of interest,Addicted,Short,6.400316104264317
Level of interest,Addicted,Short,5.429902972113134
Level of interest,Addicted,Short,3.8147492292029805
Level of interest,Addicted,Short,4.155125412068764
Level of interest,Addicted,Short,5.498562308866503
Level of interest,Addicted,Short,4.3129572892895025
Level of interest,Addicted,Short,3.157657534376167
Level of interest,Addicted,Medium,3.660618743692981
Level of interest,Addicted,Medium,6.374550880654887
Level of interest,Addicted,Medium,3.474518912985196
Level of interest,Addicted,Medium,6.001052750153054
Level of interest,Addicted,Medium,3.6251680720752923
Level of interest,Addicted,Medium,5.7181058552273765
Level of interest,Addicted,Medium,4.2676863403471055
Level of interest,Addicted,Medium,7.536088814273597
Level of interest,Addicted,Medium,6.1463061921877875
Level of interest,Addicted,Medium,5.7990160265777355
Level of interest,Addicted,Medium,5.40024391585418
Level of interest,Addicted,Medium,5.519536485443613
Level of interest,Addicted,Medium,5.151134120210383
Level of interest,Addicted,Medium,4.986643672138558
Level of interest,Addicted,Medium,6.144721618102542
Level of interest,Addicted,Medium,4.4846671984262985
Level of interest,Addicted,Medium,3.9792955947825304
Level of interest,Addicted,Medium,6.741178454336613
Level of interest,Addicted,Medium,3.710221381672655
Level of interest,Addicted,Medium,1.3335072616620947
Level of interest,Addicted,Medium,5.276470160826697
Level of interest,Addicted,Medium,3.997945008143252
Level of interest,Addicted,Medium,5.382757346676708
Level of interest,Addicted,Medium,6.533919988643071
Level of interest,Addicted,Medium,2.8316184116032703
Level of interest,Addicted,Medium,4.074314221148656
Level of interest,Addicted,Medium,4.41235313086495
Level of interest,Addicted,Medium,5.1188283362989635
Level of interest,Addicted,Medium,6.1144214642730095
Level of interest,Addicted,Medium,5.566210368593586
Level of interest,Addicted,Medium,4.473658780399739
Level of interest,Addicted,Medium,4.831526242680835
Level of interest,Addicted,Medium,3.2058566968078166
Level of interest,Addicted,Medium,5.844560745096867
Level of interest,Addicted,Medium,4.076946779282987
Level of interest,Addicted,Medium,4.226741953505258
Level of interest,Addicted,Medium,3.951957769766131
Level of interest,Addicted,Medium,3.4299347643281024
Level of interest,Addicted,Medium,4.995060544681825
Level of interest,Addicted,Medium,4.666567801635084
Level of interest,Addicted,Medium,5.080110817296053
Level of interest,Addicted,Medium,4.906545116044911
Level of interest,Addicted,Medium,1.3713520000148165
Level of interest,Addicted,Medium,4.106932789331304
Level of interest,Addicted,Medium,4.075899801720939
Level of interest,Addicted,Medium,4.670950501760727
Level of interest,Addicted,Medium,4.914964980061337
Level of interest,Addicted,Medium,4.047230431225186
Level of interest,Addicted,Medium,6.445737257615006
Level of interest,Addicted,Medium,7.422735554312035
Level of interest,Addicted,Medium,4.43736565306074
Level of interest,Addicted,Medium,4.919620394594292
Level of interest,Addicted,Medium,6.128461359689007
Level of interest,Addicted,Medium,2.896910058171266
Level of interest,Addicted,Medium,3.5554561707543244
Level of interest,Addicted,Medium,5.287906231968885
Level of interest,Addicted,Medium,3.1919786857816685
Level of interest,Addicted,Medium,6.493920612178626
Level of interest,Addicted,Medium,1.2916121750273875
Level of interest,Addicted,Medium,7.068052744307121
Level of interest,Addicted,Medium,7.220888210111241
Level of interest,Addicted,Medium,5.041207470422387
Level of interest,Addicted,Medium,3.819129505430862
Level of interest,Addicted,Medium,4.792385992430942
Level of interest,Addicted,Medium,6.5716972775201015
Level of interest,Addicted,Medium,4.537039552683971
Level of interest,Addicted,Medium,4.564772094816958
Level of interest,Addicted,Medium,4.006313294461891
Level of interest,Addicted,Medium,4.35725462031009
Level of interest,Addicted,Medium,4.893295330849487
Level of interest,Addicted,Medium,5.2550190876431255
Level of interest,Addicted,Medium,5.722411605897783
Level of interest,Addicted,Medium,5.483072744072245
Level of interest,Addicted,Medium,6.082054105756249
Level of interest,Addicted,Medium,5.212372249153267
Level of interest,Addicted,Medium,4.278443506634888
Level of interest,Addicted,Medium,5.4801145754203695
Level of interest,Addicted,Medium,4.818769388053774
Level of interest,Addicted,Medium,5.598591446042547
Level of interest,Addicted,Medium,3.774617276627392
Level of interest,Addicted,Medium,5.278878734555595
Level of interest,Addicted,Medium,5.230185928783628
Level of interest,Addicted,Medium,4.332739991449858
Level of interest,Addicted,Medium,3.544599089935134
Level of interest,Addicted,Medium,5.335163902920106
Level of interest,Addicted,Medium,4.5879095205882265
Level of interest,Addicted,Medium,4.597654433112302
Level of interest,Addicted,Medium,5.684023737410284
Level of interest,Addicted,Medium,7.051583790053406
Level of interest,Addicted,Medium,5.275953945031525
Level of interest,Addicted,Medium,5.267266837212182
Level of interest,Addicted,Medium,4.873092742962233
Level of interest,Addicted,Medium,2.5821216881386304
Level of interest,Addicted,Medium,7.24525666676657
Level of interest,Addicted,Medium,4.569333412156819
Level of interest,Addicted,Medium,5.359893386183133
Level of interest,Addicted,Medium,5.892330749768594
Level of interest,Addicted,Medium,3.72750536031381
Level of interest,Addicted,Medium,5.852560813159475
Level of interest,Addicted,Medium,6.2281176105014655
Level of interest,Addicted,Long,3.951280958823777
Level of interest,Addicted,Long,6.187726931164084
Level of interest,Addicted,Long,4.708858122568407
Level of interest,Addicted,Long,3.88995168440884
Level of interest,Addicted,Long,3.2752777392488395
Level of interest,Addicted,Long,3.292469815969615
Level of interest,Addicted,Long,3.4648519084947793
Level of interest,Addicted,Long,3.008524426286728
Level of interest,Addicted,Long,1.6593972729438984
Level of interest,Addicted,Long,6.799769925468056
Level of interest,Addicted,Long,3.705936169875749
Level of interest,Addicted,Long,1.665280991673992
Level of interest,Addicted,Long,6.714345787273867
Level of interest,Addicted,Long,2.1675176440358923
Level of interest,Addicted,Long,4.993118271779592
Level of interest,Addicted,Long,5.45876656780085
Level of interest,Addicted,Long,4.53139893484967
Level of interest,Addicted,Long,4.689470462968291
Level of interest,Addicted,Long,5.254663091218116
Level of interest,Addicted,Long,2.404913766360996
Level of interest,Addicted,Long,3.1788605938356294
Level of interest,Addicted,Long,2.919445015338717
Level of interest,Addicted,Long,3.8844012861288357
Level of interest,Addicted,Long,3.531676326150478
Level of interest,Addicted,Long,5.193404143641289
Level of interest,Addicted,Long,4.1330215483830965
Level of interest,Addicted,Long,3.2046893899856124
Level of interest,Addicted,Long,6.215040096863877
Level of interest,Addicted,Long,5.822201437919409
Level of interest,Addicted,Long,2.9068382321166366
Level of interest,Addicted,Long,5.103085055005304
Level of interest,Addicted,Long,3.5647517139006317
Level of interest,Addicted,Long,4.055314180885498
Level of interest,Addicted,Long,4.6801905582995165
Level of interest,Addicted,Long,3.853818271564846
Level of interest,Addicted,Long,3.5560493894785994
Level of interest,Addicted,Long,5.666916127257409
Level of interest,Addicted,Long,4.172114990239058
Level of interest,Addicted,Long,4.033350856423254
Level of interest,Addicted,Long,3.091246628832614
Level of interest,Addicted,Long,4.107804277877341
Level of interest,Addicted,Long,2.9870085410625684
Level of interest,Addicted,Long,4.673987385916563
Level of interest,Addicted,Long,1.1661897195625848
Level of interest,Addicted,Long,2.5365229999359986
Level of interest,Addicted,Long,2.790376987089889
Level of interest,Addicted,Long,4.387000987604957
Level of interest,Addicted,Long,5.30768293807899
Level of interest,Addicted,Long,3.3727078207235137
Level of interest,Addicted,Long,4.9094645430681565
Level of interest,Addicted,Long,4.415237278127147
Level of interest,Addicted,Long,4.363068185667301
Level of interest,Addicted,Long,6.099889753304122
Level of interest,Addicted,Long,4.42676664157381
Level of interest,Addicted,Long,2.871134371955858
Level of interest,Addicted,Long,3.6075292332630156
Level of interest,Addicted,Long,2.405741234541556
Level of interest,Addicted,Long,6.543253417922932
Level of interest,Addicted,Long,2.672938629053773
Level of interest,Addicted,Long,4.809576311221514
Level of interest,Addicted,Long,2.3193795594866224
Level of interest,Addicted,Long,6.348915518394027
Level of interest,Addicted,Long,5.827671291142961
Level of interest,Addicted,Long,3.170784720533937
Level of interest,Addicted,Long,3.4087086298986424
Level of interest,Addicted,Long,3.5131692858500077
Level of interest,Addicted,Long,4.8543167573874
Level of interest,Addicted,Long,5.927363980265856
Level of interest,Addicted,Long,5.043519800195468
Level of interest,Addicted,Long,3.23222114218892
Level of interest,Addicted,Long,4.306541762722738
Level of interest,Addicted,Long,4.51458266923374
Level of interest,Addicted,Long,5.421500065425506
Level of interest,Addicted,Long,5.457898407959252
Level of interest,Addicted,Long,3.598815629158568
Level of interest,Addicted,Long,3.620168645440203
Level of interest,Addicted,Long,4.677824041030805
Level of interest,Addicted,Long,3.4765614735079704
Level of interest,Addicted,Long,4.992369657171419
Level of interest,Addicted,Long,2.6070318246791793
Level of interest,Addicted,Long,3.837014786287943
Level of interest,Addicted,Long,3.4741841356568024
Level of interest,Addicted,Long,6.39838689958788
Level of interest,Addicted,Long,6.391132134234381
Level of interest,Addicted,Long,3.5316336354204116
Level of interest,Addicted,Long,3.9816366701294035
Level of interest,Addicted,Long,5.093960327849859
Level of interest,Addicted,Long,1.1089084944592371
Level of interest,Addicted,Long,4.303876630412035
Level of interest,Addicted,Long,4.47376216729471
Level of interest,Addicted,Long,3.913907980706965
Level of interest,Addicted,Long,5.963008702987777
Level of interest,Addicted,Long,6.387600468685259
Level of interest,Addicted,Long,6.2001490399245505
Level of interest,Addicted,Long,4.751437493197471
Level of interest,Addicted,Long,4.2498126576668325
Level of interest,Addicted,Long,8.472257366935365
Level of interest,Addicted,Long,7.287125634866306
Level of interest,Addicted,Long,4.614095032111868
Level of interest,Addicted,Long,4.696739622129998
Non-addicted,4.545,Short,0.5022470712964724
Non-addicted,4.545,Short,1.1956062692825098
Non-addicted,4.545,Short,8.110188691342234
Non-addicted,4.545,Short,4.612293054727739
Non-addicted,4.545,Short,3.0094396484789954
Non-addicted,4.545,Short,1.2148403352633061
Non-addicted,4.545,Short,-7.769696317155258
Non-addicted,4.545,Short,3.273500748840141
Non-addicted,4.545,Short,0.9709388620619117
Non-addicted,4.545,Short,0.6799930372261602
Non-addicted,4.545,Short,-1.749856392668873
Non-addicted,4.545,Short,0.9702992253192121
Non-addicted,4.545,Short,-0.6987615973717836
Non-addicted,4.545,Short,0.3529317365181244
Non-addicted,4.545,Short,-2.5156782000614744
Non-addicted,4.545,Short,-3.694208300603133
Non-addicted,4.545,Short,2.9807590564215944
Non-addicted,4.545,Short,3.9996422466848616
Non-addicted,4.545,Short,1.7459518759035944
Non-addicted,4.545,Short,5.448276845346912
Non-addicted,4.545,Short,6.493792695372372
Non-addicted,4.545,Short,-7.05345482243175
Non-addicted,4.545,Short,-3.3920365955127902
Non-addicted,4.545,Short,7.467976814897959
Non-addicted,4.545,Short,12.00575457602654
Non-addicted,4.545,Short,-2.99976112193002
Non-addicted,4.545,Short,7.811156477410388
Non-addicted,4.545,Short,6.209360293719386
Non-addicted,4.545,Short,-5.004230110507129
Non-addicted,4.545,Short,2.156015353212645
Non-addicted,4.545,Short,-6.177377688883815
Non-addicted,4.545,Short,0.24187539354034016
Non-addicted,4.545,Short,2.873833737769667
Non-addicted,4.545,Short,2.0627321288098615
Non-addicted,4.545,Short,-5.852172219432083
Non-addicted,4.545,Short,2.0808158163475863
Non-addicted,4.545,Short,0.664519643258618
Non-addicted,4.545,Short,11.25032870468587
Non-addicted,4.545,Short,-0.3965152139483539
Non-addicted,4.545,Short,2.724243820525312
Non-addicted,4.545,Short,4.13391327889009
Non-addicted,4.545,Short,2.014149785416408
Non-addicted,4.545,Short,-5.38235533170507
Non-addicted,4.545,Short,-6.579106479572262
Non-addicted,4.545,Short,-3.774557251792875
Non-addicted,4.545,Short,12.009484918481203
Non-addicted,4.545,Short,-3.2167377685165297
Non-addicted,4.545,Short,0.26257172874811996
Non-addicted,4.545,Short,1.2045887292393953
Non-addicted,4.545,Short,0.9632618653290432
Non-addicted,4.545,Short,9.516624941309571
Non-addicted,4.545,Short,3.28738167389111
Non-addicted,4.545,Short,7.556166153619018
Non-addicted,4.545,Short,-1.8252489824133595
Non-addicted,4.545,Short,3.084952175669776
Non-addicted,4.545,Short,10.642209357470017
Non-addicted,4.545,Short,1.4794989766744087
Non-addicted,4.545,Short,-1.0562928999342887
Non-addicted,4.545,Short,-7.892100644143605
Non-addicted,4.545,Short,-0.1300142540444924
Non-addicted,4.545,Short,6.434683783256828
Non-addicted,4.545,Short,1.0828601486131024
Non-addicted,4.545,Short,0.8647274019075907
Non-addicted,4.545,Short,-5.384687460901002
Non-addicted,4.545,Short,-2.067658343083253
Non-addicted,4.545,Short,10.916399687938195
Non-addicted,4.545,Short,-3.3146695417496046
Non-addicted,4.545,Short,-2.690720525656827
Non-addicted,4.545,Short,3.2718566925523715
Non-addicted,4.545,Short,-0.2598049162379672
Non-addicted,4.545,Short,6.356336515985008
Non-addicted,4.545,Short,5.595193541992369
Non-addicted,4.545,Short,9.325565928265053
Non-addicted,4.545,Short,2.459674386257092
Non-addicted,4.545,Short,0.605028812407951
Non-addicted,4.545,Short,4.638191193555178
Non-addicted,4.545,Short,4.340860629258324
Non-addicted,4.545,Short,9.076380593815115
Non-addicted,4.545,Short,4.23133450239323
Non-addicted,4.545,Short,3.8992854379618294
Non-addicted,4.545,Short,5.392695247669258
Non-addicted,4.545,Short,3.945590381392708
Non-addicted,4.545,Short,-1.2149947030740524
Non-addicted,4.545,Short,0.973564260128529
Non-addicted,4.545,Short,0.2521629918469508
Non-addicted,4.545,Short,-2.8224420823813228
Non-addicted,4.545,Short,6.807902754094018
Non-addicted,4.545,Short,6.10229513217867
Non-addicted,4.545,Short,-3.5921166965495566
Non-addicted,4.545,Short,1.6701426176897178
Non-addicted,4.545,Short,2.2964745840570373
Non-addicted,4.545,Short,4.385162532209244
Non-addicted,4.545,Short,2.731120499106015
Non-addicted,4.545,Short,-8.118696869601994
Non-addicted,4.545,Short,6.888756366407667
Non-addicted,4.545,Short,-1.9599853829735412
Non-addicted,4.545,Short,4.524436217322145
Non-addicted,4.545,Short,12.679618181056277
Non-addicted,4.545,Short,-1.1694706306325802
Non-addicted,4.545,Short,-7.172877904109729
Non-addicted,4.545,Medium,1.566507500557265
Non-addicted,4.545,Medium,5.641948375649557
Non-addicted,4.545,Medium,2.292594746663526
Non-addicted,4.545,Medium,3.8776400747751523
Non-addicted,4.545,Medium,-1.0072896591686895
Non-addicted,4.545,Medium,-2.273032484700413
Non-addicted,4.545,Medium,2.08349801411905
Non-addicted,4.545,Medium,-4.253369611444785
Non-addicted,4.545,Medium,8.21537955809939
Non-addicted,4.545,Medium,1.5240479170056493
Non-addicted,4.545,Medium,-3.3550808619867523
Non-addicted,4.545,Medium,2.98906218645015
Non-addicted,4.545,Medium,1.857418880009995
Non-addicted,4.545,Medium,-6.372177931047633
Non-addicted,4.545,Medium,1.802628708357593
Non-addicted,4.545,Medium,7.507287260455279
Non-addicted,4.545,Medium,5.210834463649255
Non-addicted,4.545,Medium,3.984181480200186
Non-addicted,4.545,Medium,-3.4404007655053164
Non-addicted,4.545,Medium,-4.356240107652948
Non-addicted,4.545,Medium,-0.23465194678729318
Non-addicted,4.545,Medium,1.7669536558827748
Non-addicted,4.545,Medium,6.687923091263036
Non-addicted,4.545,Medium,1.5933312115651304
Non-addicted,4.545,Medium,2.7264153643568125
Non-addicted,4.545,Medium,6.11929076527583
Non-addicted,4.545,Medium,7.298775077238508
Non-addicted,4.545,Medium,1.178325460590095
Non-addicted,4.545,Medium,5.776289895558619
Non-addicted,4.545,Medium,4.590570057422166
Non-addicted,4.545,Medium,4.574639838354191
Non-addicted,4.545,Medium,15.122587276584298
Non-addicted,4.545,Medium,6.773077487636975
Non-addicted,4.545,Medium,-4.6993528236687485
Non-addicted,4.545,Medium,-10.386243524374619
Non-addicted,4.545,Medium,5.787653560524884
Non-addicted,4.545,Medium,-0.5304276474975682
Non-addicted,4.545,Medium,7.261392323267156
Non-addicted,4.545,Medium,8.868416500207257
Non-addicted,4.545,Medium,3.2841834815783484
Non-addicted,4.545,Medium,2.214746803277848
Non-addicted,4.545,Medium,4.683932951584133
Non-addicted,4.545,Medium,-0.9809891528811843
Non-addicted,4.545,Medium,4.074678443659883
Non-addicted,4.545,Medium,5.176575408695154
Non-addicted,4.545,Medium,4.161469830383659
Non-addicted,4.545,Medium,1.2596281488557317
Non-addicted,4.545,Medium,-0.35343253704114064
Non-addicted,4.545,Medium,2.5570251160370194
Non-addicted,4.545,Medium,-3.406026425448572
Non-addicted,4.545,Medium,0.8713955744119019
Non-addicted,4.545,Medium,1.0348844406266158
Non-addicted,4.545,Medium,-3.9540273548665414
Non-addicted,4.545,Medium,-0.5552419547633813
Non-addicted,4.545,Medium,-0.9576946930495795
Non-addicted,4.545,Medium,2.4807932849034353
Non-addicted,4.545,Medium,-2.073111753748557
Non-addicted,4.545,Medium,6.108074413617597
Non-addicted,4.545,Medium,-2.4151857702949466
Non-addicted,4.545,Medium,0.8072443618353602
Non-addicted,4.545,Medium,7.451625309743356
Non-addicted,4.545,Medium,4.820527540752385
Non-addicted,4.545,Medium,-2.155587652743758
Non-addicted,4.545,Medium,9.119510483418344
Non-addicted,4.545,Medium,-1.2083147465792434
Non-addicted,4.545,Medium,2.901216683169224
Non-addicted,4.545,Medium,-3.4192894439393298
Non-addicted,4.545,Medium,6.952749986642336
Non-addicted,4.545,Medium,1.43617041974396
Non-addicted,4.545,Medium,4.370935226957604
Non-addicted,4.545,Medium,-2.840937438713281
Non-addicted,4.545,Medium,6.370092279584887
Non-addicted,4.545,Medium,2.0582815378160677
Non-addicted,4.545,Medium,-1.3003397991406116
Non-addicted,4.545,Medium,2.6569285216175444
Non-addicted,4.545,Medium,1.4028268792204222
Non-addicted,4.545,Medium,-0.708541690657535
Non-addicted,4.545,Medium,5.311076038123062
Non-addicted,4.545,Medium,5.891880259192321
Non-addicted,4.545,Medium,1.0058869660604455
Non-addicted,4.545,Medium,6.28276161575186
Non-addicted,4.545,Medium,1.6168851339245913
Non-addicted,4.545,Medium,-2.3593462393895916
Non-addicted,4.545,Medium,-4.508355692012138
Non-addicted,4.545,Medium,6.24848609492968
Non-addicted,4.545,Medium,0.9060730305390019
Non-addicted,4.545,Medium,15.143674501091114
Non-addicted,4.545,Medium,0.6588185916917704
Non-addicted,4.545,Medium,2.9451101928054637
Non-addicted,4.545,Medium,-2.3798617127099
Non-addicted,4.545,Medium,0.728073735062884
Non-addicted,4.545,Medium,-6.750173150586962
Non-addicted,4.545,Medium,0.8758278035748452
Non-addicted,4.545,Medium,6.662619012138121
Non-addicted,4.545,Medium,3.411886853199208
Non-addicted,4.545,Medium,3.8436225438151688
Non-addicted,4.545,Medium,5.504306042793108
Non-addicted,4.545,Medium,9.665797228343674
Non-addicted,4.545,Medium,-5.460857858717344
Non-addicted,4.545,Medium,4.391787965859027
Non-addicted,4.545,Long,
Non-addicted,4.545,Long,
Non-addicted,4.545,Long,
Non-addicted,4.545,Long,
Non-addicted,4.545,Long,
Non-addicted,4.545,Long,
Non-addicted,4.545,Long,
Non-addicted,4.545,Long,
Non-addicted,4.545,Long,
Non-addicted,4.545,Long,
Non-addicted,4.545,Long,
Non-addicted,4.545,Long,
Non-addicted,4.545,Long,
Non-addicted,4.545,Long,
Non-addicted,4.545,Long,
Non-addicted,4.545,Long,
Non-addicted,4.545,Long,
Non-addicted,4.545,Long,
Non-addicted,4.545,Long,
Non-addicted,4.545,Long,
Non-addicted,4.545,Long,
Non-addicted,4.545,Long,
Non-addicted,4.545,Long,
Non-addicted,4.545,Long,
Non-addicted,4.545,Long,
Non-addicted,4.545,Long,
Non-addicted,4.545,Long,
Non-addicted,4.545,Long,
Non-addicted,4.545,Long,
Non-addicted,4.545,Long,
Non-addicted,4.545,Long,
Non-addicted,4.545,Long,
Non-addicted,4.545,Long,
Non-addicted,4.545,Long,
Non-addicted,4.545,Long,
Non-addicted,4.545,Long,
Non-addicted,4.545,Long,
Non-addicted,4.545,Long,
Non-addicted,4.545,Long,
Non-addicted,4.545,Long,
Non-addicted,4.545,Long,
Non-addicted,4.545,Long,
Non-addicted,4.545,Long,
Non-addicted,4.545,Long,
Non-addicted,4.545,Long,
Non-addicted,4.545,Long,
Non-addicted,4.545,Long,
Non-addicted,4.545,Long,
Non-addicted,4.545,Long,
Non-addicted,4.545,Long,
Non-addicted,4.545,Long,
Non-addicted,4.545,Long,
Non-addicted,4.545,Long,
Non-addicted,4.545,Long,
Non-addicted,4.545,Long,
Non-addicted,4.545,Long,
Non-addicted,4.545,Long,
Non-addicted,4.545,Long,
Non-addicted,4.545,Long,
Non-addicted,4.545,Long,
Non-addicted,4.545,Long,
Non-addicted,4.545,Long,
Non-addicted,4.545,Long,
Non-addicted,4.545,Long,
Non-addicted,4.545,Long,
Non-addicted,4.545,Long,
Non-addicted,4.545,Long,
Non-addicted,4.545,Long,
Non-addicted,4.545,Long,
Non-addicted,4.545,Long,
Non-addicted,4.545,Long,
Non-addicted,4.545,Long,
Non-addicted,4.545,Long,
Non-addicted,4.545,Long,
Non-addicted,4.545,Long,
Non-addicted,4.545,Long,
Non-addicted,4.545,Long,
Non-addicted,4.545,Long,
Non-addicted,4.545,Long,
Non-addicted,4.545,Long,
Non-addicted,4.545,Long,
Non-addicted,4.545,Long,
Non-addicted,4.545,Long,
Non-addicted,4.545,Long,
Non-addicted,4.545,Long,
Non-addicted,4.545,Long,
Non-addicted,4.545,Long,
Non-addicted,4.545,Long,
Non-addicted,4.545,Long,
Non-addicted,4.545,Long,
Non-addicted,4.545,Long,
Non-addicted,4.545,Long,
Non-addicted,4.545,Long,
Non-addicted,4.545,Long,
Non-addicted,4.545,Long,
Non-addicted,4.545,Long,
Non-addicted,4.545,Long,
Non-addicted,4.545,Long,
Non-addicted,4.545,Long,
Non-addicted,4.545,Long,
Level of concentration,Addicted,Short,3.5726486683736787
Level of concentration,Addicted,Short,5.184773959591303
Level of concentration,Addicted,Short,3.2836276042858867
Level of concentration,Addicted,Short,5.466690223508416
Level of concentration,Addicted,Short,5.495863879759491
Level of concentration,Addicted,Short,4.1250338465213785
Level of concentration,Addicted,Short,6.411496817961334
Level of concentration,Addicted,Short,5.114643939693861
Level of concentration,Addicted,Short,4.242612840721683
Level of concentration,Addicted,Short,4.736565978630237
Level of concentration,Addicted,Short,3.3945596489566974
Level of concentration,Addicted,Short,4.970223422589977
Level of concentration,Addicted,Short,6.852973656426996
Level of concentration,Addicted,Short,4.716349799134219
Level of concentration,Addicted,Short,3.611564258515524
Level of concentration,Addicted,Short,6.890328687857224
Level of concentration,Addicted,Short,5.167744313073429
Level of concentration,Addicted,Short,6.375625535095631
Level of concentration,Addicted,Short,3.5881964343169246
Level of concentration,Addicted,Short,3.1008656048704237
Level of concentration,Addicted,Short,5.854591469594367
Level of concentration,Addicted,Short,5.726219819699136
Level of concentration,Addicted,Short,5.50426448124153
Level of concentration,Addicted,Short,6.257308937182737
Level of concentration,Addicted,Short,4.870187857726519
Level of concentration,Addicted,Short,6.543765768060454
Level of concentration,Addicted,Short,4.62009899936755
Level of concentration,Addicted,Short,7.1056172102485675
Level of concentration,Addicted,Short,4.5674612519543984
Level of concentration,Addicted,Short,6.228354942775543
Level of concentration,Addicted,Short,5.760331002179464
Level of concentration,Addicted,Short,3.005822577718175
Level of concentration,Addicted,Short,6.565657053274962
Level of concentration,Addicted,Short,4.609087133206768
Level of concentration,Addicted,Short,6.004628362216548
Level of concentration,Addicted,Short,5.033112333997876
Level of concentration,Addicted,Short,3.3599818310131053
Level of concentration,Addicted,Short,3.2719145210173624
Level of concentration,Addicted,Short,4.674421995495308
Level of concentration,Addicted,Short,5.596684561998617
Level of concentration,Addicted,Short,2.8710791865972056
Level of concentration,Addicted,Short,6.56049858029077
Level of concentration,Addicted,Short,4.802273844009836
Level of concentration,Addicted,Short,3.065322704123002
Level of concentration,Addicted,Short,2.400802495870918
Level of concentration,Addicted,Short,5.11795846470347
Level of concentration,Addicted,Short,3.767536716432212
Level of concentration,Addicted,Short,5.056782991303893
Level of concentration,Addicted,Short,6.474495566615503
Level of concentration,Addicted,Short,5.350064812904477
Level of concentration,Addicted,Short,3.3804256833195563
Level of concentration,Addicted,Short,4.86242094051818
Level of concentration,Addicted,Short,4.708853216101924
Level of concentration,Addicted,Short,5.504576677773044
Level of concentration,Addicted,Short,4.255629353677165
Level of concentration,Addicted,Short,2.4572205668419302
Level of concentration,Addicted,Short,5.882580678291178
Level of concentration,Addicted,Short,6.771096622906324
Level of concentration,Addicted,Short,4.352608404415372
Level of concentration,Addicted,Short,5.152925304495851
Level of concentration,Addicted,Short,4.123285526755086
Level of concentration,Addicted,Short,6.08814023970459
Level of concentration,Addicted,Short,3.6499272550972295
Level of concentration,Addicted,Short,5.829715319788522
Level of concentration,Addicted,Short,5.455098345537186
Level of concentration,Addicted,Short,6.194556364724967
Level of concentration,Addicted,Short,5.112701408785356
Level of concentration,Addicted,Short,4.413464451563767
Level of concentration,Addicted,Short,5.543460477260062
Level of concentration,Addicted,Short,5.24914824101311
Level of concentration,Addicted,Short,2.8879510391629095
Level of concentration,Addicted,Short,5.701294922719283
Level of concentration,Addicted,Short,4.4157298074799405
Level of concentration,Addicted,Short,5.439509981831982
Level of concentration,Addicted,Short,4.009835657163058
Level of concentration,Addicted,Short,2.8639406812127204
Level of concentration,Addicted,Short,2.535298815890874
Level of concentration,Addicted,Short,5.617894880119697
Level of concentration,Addicted,Short,4.538073193721496
Level of concentration,Addicted,Short,4.154196506532618
Level of concentration,Addicted,Short,4.629750819519698
Level of concentration,Addicted,Short,5.031218828968505
Level of concentration,Addicted,Short,4.763559349413394
Level of concentration,Addicted,Short,4.206758565684902
Level of concentration,Addicted,Short,5.572480563405735
Level of concentration,Addicted,Short,3.812622346656056
Level of concentration,Addicted,Short,2.9941657506011357
Level of concentration,Addicted,Short,4.66274472164303
Level of concentration,Addicted,Short,3.9253249795540714
Level of concentration,Addicted,Short,3.4378797561739525
Level of concentration,Addicted,Short,5.163987776123495
Level of concentration,Addicted,Short,4.043162631506316
Level of concentration,Addicted,Short,3.0981635744614593
Level of concentration,Addicted,Short,4.288805512592636
Level of concentration,Addicted,Short,4.172218867960012
Level of concentration,Addicted,Short,4.261121018952545
Level of concentration,Addicted,Short,4.542056538701178
Level of concentration,Addicted,Short,4.622131136822079
Level of concentration,Addicted,Short,6.157136144157253
Level of concentration,Addicted,Short,6.443996249483265
Level of concentration,Addicted,Medium,5.02198117634503
Level of concentration,Addicted,Medium,4.3333820932907425
Level of concentration,Addicted,Medium,4.127910276164956
Level of concentration,Addicted,Medium,2.8580803180313707
Level of concentration,Addicted,Medium,3.309016120061268
Level of concentration,Addicted,Medium,5.563447157180613
Level of concentration,Addicted,Medium,4.519326307902234
Level of concentration,Addicted,Medium,4.821506908710859
Level of concentration,Addicted,Medium,6.22764032008733
Level of concentration,Addicted,Medium,6.182266996710965
Level of concentration,Addicted,Medium,3.5443678183586873
Level of concentration,Addicted,Medium,5.323369067964722
Level of concentration,Addicted,Medium,5.207434475570475
Level of concentration,Addicted,Medium,4.520052890053741
Level of concentration,Addicted,Medium,5.741449362624154
Level of concentration,Addicted,Medium,4.904491711035087
Level of concentration,Addicted,Medium,6.1274821731561
Level of concentration,Addicted,Medium,5.133131892897246
Level of concentration,Addicted,Medium,6.174345544507912
Level of concentration,Addicted,Medium,4.8815078573907185
Level of concentration,Addicted,Medium,4.248197248088127
Level of concentration,Addicted,Medium,4.864277017249854
Level of concentration,Addicted,Medium,5.1424768298675945
Level of concentration,Addicted,Medium,4.703488476182636
Level of concentration,Addicted,Medium,4.9348749153574865
Level of concentration,Addicted,Medium,4.941812756154796
Level of concentration,Addicted,Medium,3.589948645902356
Level of concentration,Addicted,Medium,2.715265782098883
Level of concentration,Addicted,Medium,6.815925102815534
Level of concentration,Addicted,Medium,4.8085555868093595
Level of concentration,Addicted,Medium,4.852585997344413
Level of concentration,Addicted,Medium,4.7935414432448935
Level of concentration,Addicted,Medium,4.587198148884319
Level of concentration,Addicted,Medium,6.0278474068821675
Level of concentration,Addicted,Medium,5.79354498787131
Level of concentration,Addicted,Medium,3.8658136632751186
Level of concentration,Addicted,Medium,3.9597166786159486
Level of concentration,Addicted,Medium,6.032700207542296
Level of concentration,Addicted,Medium,4.688582384178171
Level of concentration,Addicted,Medium,3.661446518502131
Level of concentration,Addicted,Medium,3.1577802645391246
Level of concentration,Addicted,Medium,3.713492945726485
Level of concentration,Addicted,Medium,4.986280022976156
Level of concentration,Addicted,Medium,6.1304885797226305
Level of concentration,Addicted,Medium,5.588676120643693
Level of concentration,Addicted,Medium,5.47864389930691
Level of concentration,Addicted,Medium,5.380571343710163
Level of concentration,Addicted,Medium,4.397898775635182
Level of concentration,Addicted,Medium,4.134651405139737
Level of concentration,Addicted,Medium,3.860655951226651
Level of concentration,Addicted,Medium,6.118276061736397
Level of concentration,Addicted,Medium,2.869606494815729
Level of concentration,Addicted,Medium,6.667243395854566
Level of concentration,Addicted,Medium,5.358613182995174
Level of concentration,Addicted,Medium,8.11225279908843
Level of concentration,Addicted,Medium,4.935743578706856
Level of concentration,Addicted,Medium,5.1531279693695335
Level of concentration,Addicted,Medium,4.778483840026489
Level of concentration,Addicted,Medium,6.088468538555662
Level of concentration,Addicted,Medium,3.7837062303285833
Level of concentration,Addicted,Medium,4.760946015355335
Level of concentration,Addicted,Medium,3.466057015108717
Level of concentration,Addicted,Medium,3.8156574148388773
Level of concentration,Addicted,Medium,5.810875155648797
Level of concentration,Addicted,Medium,4.0974258557389405
Level of concentration,Addicted,Medium,7.129787447964023
Level of concentration,Addicted,Medium,3.855520438785182
Level of concentration,Addicted,Medium,3.572310154593018
Level of concentration,Addicted,Medium,3.732885587904397
Level of concentration,Addicted,Medium,3.9221350416822305
Level of concentration,Addicted,Medium,5.357358689358273
Level of concentration,Addicted,Medium,5.311662648670396
Level of concentration,Addicted,Medium,4.6289172658078215
Level of concentration,Addicted,Medium,4.018859791217174
Level of concentration,Addicted,Medium,5.846548611270335
Level of concentration,Addicted,Medium,4.493990728054801
Level of concentration,Addicted,Medium,4.488631011786069
Level of concentration,Addicted,Medium,4.786955453448191
Level of concentration,Addicted,Medium,5.798605820458938
Level of concentration,Addicted,Medium,3.7363817091422105
Level of concentration,Addicted,Medium,3.098552798048434
Level of concentration,Addicted,Medium,4.082244735256966
Level of concentration,Addicted,Medium,5.490188307151269
Level of concentration,Addicted,Medium,5.072833041916882
Level of concentration,Addicted,Medium,5.3541182631799105
Level of concentration,Addicted,Medium,3.845982460901524
Level of concentration,Addicted,Medium,3.003639878561766
Level of concentration,Addicted,Medium,4.753436011568304
Level of concentration,Addicted,Medium,5.063218410715385
Level of concentration,Addicted,Medium,4.268535927082242
Level of concentration,Addicted,Medium,5.598009710883348
Level of concentration,Addicted,Medium,4.229050885624922
Level of concentration,Addicted,Medium,4.785447442406656
Level of concentration,Addicted,Medium,3.4736630754430755
Level of concentration,Addicted,Medium,5.589713546708365
Level of concentration,Addicted,Medium,4.915214628568764
Level of concentration,Addicted,Medium,4.013262865768776
Level of concentration,Addicted,Medium,4.1297088838636355
Level of concentration,Addicted,Medium,5.599775891829508
Level of concentration,Addicted,Medium,3.9396988160316493
Level of concentration,Addicted,Long,6.1440827314368684
Level of concentration,Addicted,Long,4.907307816796974
Level of concentration,Addicted,Long,1.0977645847785364
Level of concentration,Addicted,Long,2.8544038243752947
Level of concentration,Addicted,Long,4.5415110382633115
Level of concentration,Addicted,Long,4.454831817713422
Level of concentration,Addicted,Long,4.228349179621156
Level of concentration,Addicted,Long,4.086560028601061
Level of concentration,Addicted,Long,3.411413522182197
Level of concentration,Addicted,Long,3.8272633569725105
Level of concentration,Addicted,Long,4.4262431057192835
Level of concentration,Addicted,Long,2.7306767224382815
Level of concentration,Addicted,Long,6.101230713422491
Level of concentration,Addicted,Long,5.122358006005054
Level of concentration,Addicted,Long,5.364195922903937
Level of concentration,Addicted,Long,2.950034825356872
Level of concentration,Addicted,Long,5.546424351917166
Level of concentration,Addicted,Long,4.954131527131467
Level of concentration,Addicted,Long,2.185450872223359
Level of concentration,Addicted,Long,3.2249799333209337
Level of concentration,Addicted,Long,4.806316336778345
Level of concentration,Addicted,Long,3.7142038045111034
Level of concentration,Addicted,Long,3.6589825158583884
Level of concentration,Addicted,Long,6.412226578551268
Level of concentration,Addicted,Long,5.118334317628629
Level of concentration,Addicted,Long,3.412869663248501
Level of concentration,Addicted,Long,3.209404631967799
Level of concentration,Addicted,Long,6.086453578497229
Level of concentration,Addicted,Long,2.665494001086064
Level of concentration,Addicted,Long,4.498672276114617
Level of concentration,Addicted,Long,5.3452344026966125
Level of concentration,Addicted,Long,2.1464914437307145
Level of concentration,Addicted,Long,4.272394443181501
Level of concentration,Addicted,Long,3.7830363431156435
Level of concentration,Addicted,Long,3.983351041944699
Level of concentration,Addicted,Long,5.073208428752109
Level of concentration,Addicted,Long,5.702367831636433
Level of concentration,Addicted,Long,5.094209736066955
Level of concentration,Addicted,Long,8.075563303103003
Level of concentration,Addicted,Long,4.92687559784753
Level of concentration,Addicted,Long,3.5571790290084726
Level of concentration,Addicted,Long,6.603277821728282
Level of concentration,Addicted,Long,3.1358593784455087
Level of concentration,Addicted,Long,4.3753317550746464
Level of concentration,Addicted,Long,4.1920029049093905
Level of concentration,Addicted,Long,4.128969324301923
Level of concentration,Addicted,Long,4.115512649409883
Level of concentration,Addicted,Long,3.7678184544830553
Level of concentration,Addicted,Long,4.2744045767819445
Level of concentration,Addicted,Long,5.474990790265004
Level of concentration,Addicted,Long,3.736479319976849
Level of concentration,Addicted,Long,5.541953838143295
Level of concentration,Addicted,Long,5.361840518545439
Level of concentration,Addicted,Long,6.791839180638415
Level of concentration,Addicted,Long,5.777572075541867
Level of concentration,Addicted,Long,4.676054064623666
Level of concentration,Addicted,Long,3.803958344178418
Level of concentration,Addicted,Long,5.473170045734422
Level of concentration,Addicted,Long,5.124285169831222
Level of concentration,Addicted,Long,3.717396817069017
Level of concentration,Addicted,Long,4.6673929062060795
Level of concentration,Addicted,Long,5.995893748526648
Level of concentration,Addicted,Long,2.5249623673715105
Level of concentration,Addicted,Long,1.2860720935428662
Level of concentration,Addicted,Long,6.767571998936064
Level of concentration,Addicted,Long,4.957844706407101
Level of concentration,Addicted,Long,3.920531318464216
Level of concentration,Addicted,Long,4.29503966048505
Level of concentration,Addicted,Long,4.075184051010484
Level of concentration,Addicted,Long,5.659193647964655
Level of concentration,Addicted,Long,5.4198301271944445
Level of concentration,Addicted,Long,5.990256932567643
Level of concentration,Addicted,Long,4.718639291010873
Level of concentration,Addicted,Long,2.895430242884394
Level of concentration,Addicted,Long,5.7749818352586795
Level of concentration,Addicted,Long,2.1681887171946848
Level of concentration,Addicted,Long,4.138230157893044
Level of concentration,Addicted,Long,5.529247334499231
Level of concentration,Addicted,Long,3.167828293983801
Level of concentration,Addicted,Long,4.343458571125276
Level of concentration,Addicted,Long,5.522584353275623
Level of concentration,Addicted,Long,4.1769966338662226
Level of concentration,Addicted,Long,2.013728984942059
Level of concentration,Addicted,Long,4.9745950618082215
Level of concentration,Addicted,Long,3.6342868975169673
Level of concentration,Addicted,Long,5.213244061778498
Level of concentration,Addicted,Long,2.7800954432687277
Level of concentration,Addicted,Long,2.8575186895473896
Level of concentration,Addicted,Long,4.821328718574786
Level of concentration,Addicted,Long,4.960458576571996
Level of concentration,Addicted,Long,5.289040327647139
Level of concentration,Addicted,Long,4.360249138004609
Level of concentration,Addicted,Long,0.3250253671895882
Level of concentration,Addicted,Long,5.92783112960262
Level of concentration,Addicted,Long,4.817850111113363
Level of concentration,Addicted,Long,2.3866627570070835
Level of concentration,Addicted,Long,3.057188245949438
Level of concentration,Addicted,Long,1.4179589988225811
Level of concentration,Addicted,Long,3.163746724106148
Level of concentration,Addicted,Long,5.01309778967707
Non-addicted,5.091,Short,2.5528239720046244
Non-addicted,5.091,Short,-8.06531863319392
Non-addicted,5.091,Short,-2.1759707127835073
Non-addicted,5.091,Short,0.7280374623928073
Non-addicted,5.091,Short,1.5558593909203013
Non-addicted,5.091,Short,-2.37590926770069
Non-addicted,5.091,Short,-0.9336342923924945
Non-addicted,5.091,Short,1.950748758162153
Non-addicted,5.091,Short,7.83557981433867
Non-addicted,5.091,Short,0.39642755501366156
Non-addicted,5.091,Short,-4.745550037676826
Non-addicted,5.091,Short,7.243784779228886
Non-addicted,5.091,Short,3.642337765726446
Non-addicted,5.091,Short,5.178202090182279
Non-addicted,5.091,Short,3.4201972102517546
Non-addicted,5.091,Short,-0.3398433670712946
Non-addicted,5.091,Short,3.9686881539928685
Non-addicted,5.091,Short,1.3925620503723888
Non-addicted,5.091,Short,1.8961508143420454
Non-addicted,5.091,Short,4.535874669144866
Non-addicted,5.091,Short,-1.4733506947647792
Non-addicted,5.091,Short,-2.4464364535004064
Non-addicted,5.091,Short,5.340686262603044
Non-addicted,5.091,Short,-3.4254725675303943
Non-addicted,5.091,Short,3.98110379436374
Non-addicted,5.091,Short,7.377297975906649
Non-addicted,5.091,Short,4.104820467905036
Non-addicted,5.091,Short,8.636927507212956
Non-addicted,5.091,Short,-2.097767734984693
Non-addicted,5.091,Short,2.631607222029398
Non-addicted,5.091,Short,-10.560665326546019
Non-addicted,5.091,Short,-2.558597377417426
Non-addicted,5.091,Short,5.693786755785195
Non-addicted,5.091,Short,-3.810281845302841
Non-addicted,5.091,Short,-6.456522782305801
Non-addicted,5.091,Short,5.063426054228366
Non-addicted,5.091,Short,-8.887155290594125
Non-addicted,5.091,Short,-5.781005152823492
Non-addicted,5.091,Short,-4.596866283919045
Non-addicted,5.091,Short,3.058046102101451
Non-addicted,5.091,Short,-3.506285726318244
Non-addicted,5.091,Short,2.079706547611959
Non-addicted,5.091,Short,5.3937798561080665
Non-addicted,5.091,Short,3.75839510342533
Non-addicted,5.091,Short,2.0054022431610887
Non-addicted,5.091,Short,3.674762636829902
Non-addicted,5.091,Short,-3.387818003179172
Non-addicted,5.091,Short,3.1678897222280895
Non-addicted,5.091,Short,3.2523081980588024
Non-addicted,5.091,Short,7.568569856268739
Non-addicted,5.091,Short,-6.4364820503082045
Non-addicted,5.091,Short,-3.4315432384831173
Non-addicted,5.091,Short,4.2062370885037605
Non-addicted,5.091,Short,3.1415102651045315
Non-addicted,5.091,Short,4.8762476456997526
Non-addicted,5.091,Short,-1.4580133553212902
Non-addicted,5.091,Short,0.9651620670440988
Non-addicted,5.091,Short,-3.4543333552608946
Non-addicted,5.091,Short,8.376287381509458
Non-addicted,5.091,Short,4.1970421524177075
Non-addicted,5.091,Short,8.834357757916118
Non-addicted,5.091,Short,0.6787922553250124
Non-addicted,5.091,Short,1.0207107935998152
Non-addicted,5.091,Short,2.4935828154475157
Non-addicted,5.091,Short,2.777184471424829
Non-addicted,5.091,Short,7.4747982608517205
Non-addicted,5.091,Short,0.20018836996278289
Non-addicted,5.091,Short,-1.852721377469044
Non-addicted,5.091,Short,-6.553958652237226
Non-addicted,5.091,Short,3.1633344171535493
Non-addicted,5.091,Short,-0.9414498688726274
Non-addicted,5.091,Short,2.0862322722878535
Non-addicted,5.091,Short,7.415247425309012
Non-addicted,5.091,Short,-5.083211930313648
Non-addicted,5.091,Short,5.685628415180238
Non-addicted,5.091,Short,2.529805776718134
Non-addicted,5.091,Short,-6.901838446358928
Non-addicted,5.091,Short,10.881223862360095
Non-addicted,5.091,Short,-0.6079564667073307
Non-addicted,5.091,Short,3.1539648644862615
Non-addicted,5.091,Short,2.5163990381948773
Non-addicted,5.091,Short,-0.8713987641070784
Non-addicted,5.091,Short,-2.491410977466537
Non-addicted,5.091,Short,0.9858039521368364
Non-addicted,5.091,Short,3.5609668907642025
Non-addicted,5.091,Short,-1.4101497013194628
Non-addicted,5.091,Short,0.42323916978665954
Non-addicted,5.091,Short,-6.928571131183109
Non-addicted,5.091,Short,1.240689476773454
Non-addicted,5.091,Short,-8.462373706007241
Non-addicted,5.091,Short,-6.691675040495465
Non-addicted,5.091,Short,-2.701113169770438
Non-addicted,5.091,Short,6.207782069689978
Non-addicted,5.091,Short,2.8413259260256023
Non-addicted,5.091,Short,-2.179572285772804
Non-addicted,5.091,Short,0.38486403217379517
Non-addicted,5.091,Short,12.0395334391616
Non-addicted,5.091,Short,14.59886502254344
Non-addicted,5.091,Short,-6.4577586318788684
Non-addicted,5.091,Short,-2.9923682776762437
Non-addicted,5.091,Medium,2.5773621110600535
Non-addicted,5.091,Medium,6.8402811460094775
Non-addicted,5.091,Medium,8.365942134988662
Non-addicted,5.091,Medium,2.3661039864121154
Non-addicted,5.091,Medium,-2.523472134559083
Non-addicted,5.091,Medium,11.60433543732388
Non-addicted,5.091,Medium,3.6291198957755944
Non-addicted,5.091,Medium,8.014525053153466
Non-addicted,5.091,Medium,6.944432552236741
Non-addicted,5.091,Medium,8.839134512868345
Non-addicted,5.091,Medium,-9.68741321382437
Non-addicted,5.091,Medium,3.39583746593679
Non-addicted,5.091,Medium,-3.338347845340041
Non-addicted,5.091,Medium,5.222728339151525
Non-addicted,5.091,Medium,2.2125287733827044
Non-addicted,5.091,Medium,7.66970710672453
Non-addicted,5.091,Medium,-0.23416966432835484
Non-addicted,5.091,Medium,0.44395450525518676
Non-addicted,5.091,Medium,-5.623951774228653
Non-addicted,5.091,Medium,-0.9036082336130142
Non-addicted,5.091,Medium,10.039645785454162
Non-addicted,5.091,Medium,7.435080881534002
Non-addicted,5.091,Medium,0.9244392502893038
Non-addicted,5.091,Medium,3.5865107515089076
Non-addicted,5.091,Medium,-0.9214762924692323
Non-addicted,5.091,Medium,1.1654531803218338
Non-addicted,5.091,Medium,-1.9524448742482945
Non-addicted,5.091,Medium,-0.3016808931744761
Non-addicted,5.091,Medium,-7.976591686996105
Non-addicted,5.091,Medium,6.7983773806047445
Non-addicted,5.091,Medium,-4.014020242906193
Non-addicted,5.091,Medium,2.9565113312326963
Non-addicted,5.091,Medium,4.251342748215736
Non-addicted,5.091,Medium,-1.0235688044421098
Non-addicted,5.091,Medium,1.4185580870722414
Non-addicted,5.091,Medium,1.0390780292107986
Non-addicted,5.091,Medium,9.67567853977927
Non-addicted,5.091,Medium,6.1977560531536895
Non-addicted,5.091,Medium,1.4444699256385638
Non-addicted,5.091,Medium,8.4648799424329
Non-addicted,5.091,Medium,-8.391629236208496
Non-addicted,5.091,Medium,5.893509053406152
Non-addicted,5.091,Medium,-0.2075550500214729
Non-addicted,5.091,Medium,-6.3032947770596515
Non-addicted,5.091,Medium,-8.529412659114858
Non-addicted,5.091,Medium,-2.1296683030702663
Non-addicted,5.091,Medium,1.5056160292740495
Non-addicted,5.091,Medium,2.018437866502956
Non-addicted,5.091,Medium,-0.5411722254047175
Non-addicted,5.091,Medium,4.344017338000283
Non-addicted,5.091,Medium,4.596778665305032
Non-addicted,5.091,Medium,-10.806864692578268
Non-addicted,5.091,Medium,2.4723999743423746
Non-addicted,5.091,Medium,5.878591979811205
Non-addicted,5.091,Medium,9.881783861664616
Non-addicted,5.091,Medium,5.656085540809553
Non-addicted,5.091,Medium,7.332454684923919
Non-addicted,5.091,Medium,5.124498562831814
Non-addicted,5.091,Medium,1.3478184694433977
Non-addicted,5.091,Medium,2.2086952144250116
Non-addicted,5.091,Medium,-0.7704596816138969
Non-addicted,5.091,Medium,0.3089775238876772
Non-addicted,5.091,Medium,8.857300051729283
Non-addicted,5.091,Medium,-5.563265509178585
Non-addicted,5.091,Medium,-5.013140258331907
Non-addicted,5.091,Medium,-12.424072641630184
Non-addicted,5.091,Medium,9.441831562346309
Non-addicted,5.091,Medium,-2.7153291790249163
Non-addicted,5.091,Medium,-3.99199999535055
Non-addicted,5.091,Medium,5.823422503997952
Non-addicted,5.091,Medium,1.5825426871680248
Non-addicted,5.091,Medium,9.444082994035675
Non-addicted,5.091,Medium,-3.056465720466751
Non-addicted,5.091,Medium,-1.9504138004963303
Non-addicted,5.091,Medium,-3.4837183431351977
Non-addicted,5.091,Medium,-0.49184328125297005
Non-addicted,5.091,Medium,-2.371586053354572
Non-addicted,5.091,Medium,-8.025182486171007
Non-addicted,5.091,Medium,3.38119287234767
Non-addicted,5.091,Medium,-0.6399504875971378
Non-addicted,5.091,Medium,-3.2135607364376013
Non-addicted,5.091,Medium,-6.939568706431592
Non-addicted,5.091,Medium,-7.698725259868748
Non-addicted,5.091,Medium,4.926594920398777
Non-addicted,5.091,Medium,2.0467023850497124
Non-addicted,5.091,Medium,1.4557771773265573
Non-addicted,5.091,Medium,4.335142381399516
Non-addicted,5.091,Medium,-4.215794954503027
Non-addicted,5.091,Medium,5.666671753105673
Non-addicted,5.091,Medium,5.628129321306133
Non-addicted,5.091,Medium,3.816526925267828
Non-addicted,5.091,Medium,-1.974928148669655
Non-addicted,5.091,Medium,-2.750379167792522
Non-addicted,5.091,Medium,3.098998929627671
Non-addicted,5.091,Medium,-3.9699662811852137
Non-addicted,5.091,Medium,10.65421287541916
Non-addicted,5.091,Medium,7.095282489099219
Non-addicted,5.091,Medium,-4.448536087921754
Non-addicted,5.091,Medium,-4.078577407562237
Non-addicted,5.091,Medium,-3.6764399878497636
Non-addicted,5.091,Long,
Non-addicted,5.091,Long,
Non-addicted,5.091,Long,
Non-addicted,5.091,Long,
Non-addicted,5.091,Long,
Non-addicted,5.091,Long,
Non-addicted,5.091,Long,
Non-addicted,5.091,Long,
Non-addicted,5.091,Long,
Non-addicted,5.091,Long,
Non-addicted,5.091,Long,
Non-addicted,5.091,Long,
Non-addicted,5.091,Long,
Non-addicted,5.091,Long,
Non-addicted,5.091,Long,
Non-addicted,5.091,Long,
Non-addicted,5.091,Long,
Non-addicted,5.091,Long,
Non-addicted,5.091,Long,
Non-addicted,5.091,Long,
Non-addicted,5.091,Long,
Non-addicted,5.091,Long,
Non-addicted,5.091,Long,
Non-addicted,5.091,Long,
Non-addicted,5.091,Long,
Non-addicted,5.091,Long,
Non-addicted,5.091,Long,
Non-addicted,5.091,Long,
Non-addicted,5.091,Long,
Non-addicted,5.091,Long,
Non-addicted,5.091,Long,
Non-addicted,5.091,Long,
Non-addicted,5.091,Long,
Non-addicted,5.091,Long,
Non-addicted,5.091,Long,
Non-addicted,5.091,Long,
Non-addicted,5.091,Long,
Non-addicted,5.091,Long,
Non-addicted,5.091,Long,
Non-addicted,5.091,Long,
Non-addicted,5.091,Long,
Non-addicted,5.091,Long,
Non-addicted,5.091,Long,
Non-addicted,5.091,Long,
Non-addicted,5.091,Long,
Non-addicted,5.091,Long,
Non-addicted,5.091,Long,
Non-addicted,5.091,Long,
Non-addicted,5.091,Long,
Non-addicted,5.091,Long,
Non-addicted,5.091,Long,
Non-addicted,5.091,Long,
Non-addicted,5.091,Long,
Non-addicted,5.091,Long,
Non-addicted,5.091,Long,
Non-addicted,5.091,Long,
Non-addicted,5.091,Long,
Non-addicted,5.091,Long,
Non-addicted,5.091,Long,
Non-addicted,5.091,Long,
Non-addicted,5.091,Long,
Non-addicted,5.091,Long,
Non-addicted,5.091,Long,
Non-addicted,5.091,Long,
Non-addicted,5.091,Long,
Non-addicted,5.091,Long,
Non-addicted,5.091,Long,
Non-addicted,5.091,Long,
Non-addicted,5.091,Long,
Non-addicted,5.091,Long,
Non-addicted,5.091,Long,
Non-addicted,5.091,Long,
Non-addicted,5.091,Long,
Non-addicted,5.091,Long,
Non-addicted,5.091,Long,
Non-addicted,5.091,Long,
Non-addicted,5.091,Long,
Non-addicted,5.091,Long,
Non-addicted,5.091,Long,
Non-addicted,5.091,Long,
Non-addicted,5.091,Long,
Non-addicted,5.091,Long,
Non-addicted,5.091,Long,
Non-addicted,5.091,Long,
Non-addicted,5.091,Long,
Non-addicted,5.091,Long,
Non-addicted,5.091,Long,
Non-addicted,5.091,Long,
Non-addicted,5.091,Long,
Non-addicted,5.091,Long,
Non-addicted,5.091,Long,
Non-addicted,5.091,Long,
Non-addicted,5.091,Long,
Non-addicted,5.091,Long,
Non-addicted,5.091,Long,
Non-addicted,5.091,Long,
Non-addicted,5.091,Long,
Non-addicted,5.091,Long,
Non-addicted,5.091,Long,
Non-addicted,5.091,Long,
Number of distractions,Addicted,Short,5.3307325255104026
Number of distractions,Addicted,Short,2.3291209395533423
Number of distractions,Addicted,Short,5.794388036950967
Number of distractions,Addicted,Short,-0.7374938496460333
Number of distractions,Addicted,Short,1.955953770776291
Number of distractions,Addicted,Short,-0.6526579287703318
Number of distractions,Addicted,Short,3.2911713813881773
Number of distractions,Addicted,Short,4.3714487401155075
Number of distractions,Addicted,Short,1.064707317753548
Number of distractions,Addicted,Short,4.045306246535574
Number of distractions,Addicted,Short,3.52695082154835
Number of distractions,Addicted,Short,3.5707508084468342
Number of distractions,Addicted,Short,3.116191440605571
Number of distractions,Addicted,Short,1.536382925949305
Number of distractions,Addicted,Short,1.6657624090536105
Number of distractions,Addicted,Short,1.1772495904889309
Number of distractions,Addicted,Short,3.1300930180252498
Number of distractions,Addicted,Short,3.2602175680440215
Number of distractions,Addicted,Short,6.982401814746678
Number of distractions,Addicted,Short,3.108151560479143
Number of distractions,Addicted,Short,3.1172619662584617
Number of distractions,Addicted,Short,3.147374660005433
Number of distractions,Addicted,Short,-0.14980039417010582
Number of distractions,Addicted,Short,0.4720826005729444
Number of distractions,Addicted,Short,-1.489628596671646
Number of distractions,Addicted,Short,7.186897695664905
Number of distractions,Addicted,Short,2.889325008966297
Number of distractions,Addicted,Short,-2.647520956531844
Number of distractions,Addicted,Short,2.529105861312036
Number of distractions,Addicted,Short,3.3233366199962884
Number of distractions,Addicted,Short,-3.0521276008535336
Number of distractions,Addicted,Short,0.38949954819485955
Number of distractions,Addicted,Short,0.6033970665875474
Number of distractions,Addicted,Short,7.2191283204491015
Number of distractions,Addicted,Short,3.775059960033256
Number of distractions,Addicted,Short,3.8175992040001177
Number of distractions,Addicted,Short,3.4123793643214873
Number of distractions,Addicted,Short,5.907455397919035
Number of distractions,Addicted,Short,4.48402230003846
Number of distractions,Addicted,Short,6.22139796053334
Number of distractions,Addicted,Short,6.084688905361752
Number of distractions,Addicted,Short,2.068641100078126
Number of distractions,Addicted,Short,2.8190420624802437
Number of distractions,Addicted,Short,2.049997770636982
Number of distractions,Addicted,Short,5.377941274298355
Number of distractions,Addicted,Short,2.9659087327567026
Number of distractions,Addicted,Short,2.105945676300768
Number of distractions,Addicted,Short,2.732899233675731
Number of distractions,Addicted,Short,2.4513113391323444
Number of distractions,Addicted,Short,-3.0986816315681303
Number of distractions,Addicted,Short,-0.8590058263282754
Number of distractions,Addicted,Short,-1.5879082462121121
Number of distractions,Addicted,Short,3.2355338390456603
Number of distractions,Addicted,Short,3.465237927381779
Number of distractions,Addicted,Short,3.573924850974959
Number of distractions,Addicted,Short,4.4589721955368535
Number of distractions,Addicted,Short,-2.4966844837849775
Number of distractions,Addicted,Short,1.441332431382211
Number of distractions,Addicted,Short,1.6842434894500462
Number of distractions,Addicted,Short,2.2916891490321074
Number of distractions,Addicted,Short,2.213733693175383
Number of distractions,Addicted,Short,2.3363074924543583
Number of distractions,Addicted,Short,2.37432591994635
Number of distractions,Addicted,Short,2.9863605518340495
Number of distractions,Addicted,Short,-0.9052511083895194
Number of distractions,Addicted,Short,2.7632873860204556
Number of distractions,Addicted,Short,1.6048089214883605
Number of distractions,Addicted,Short,-1.6657653277593463
Number of distractions,Addicted,Short,3.0190090691059166
Number of distractions,Addicted,Short,5.270163211620443
Number of distractions,Addicted,Short,1.9779670089824901
Number of distractions,Addicted,Short,3.4423038407526514
Number of distractions,Addicted,Short,1.4426117208158313
Number of distractions,Addicted,Short,2.3915299462974136
Number of distractions,Addicted,Short,2.8731075150894894
Number of distractions,Addicted,Short,0.382062916734738
Number of distractions,Addicted,Short,2.087345741790032
Number of distractions,Addicted,Short,1.4508522284598269
Number of distractions,Addicted,Short,0.7444607819418958
Number of distractions,Addicted,Short,3.589656188112256
Number of distractions,Addicted,Short,3.9262346468554314
Number of distractions,Addicted,Short,1.136422477787509
Number of distractions,Addicted,Short,1.1089171840698338
Number of distractions,Addicted,Short,2.038875279574618
Number of distractions,Addicted,Short,0.37605889680970916
Number of distractions,Addicted,Short,3.673520835198973
Number of distractions,Addicted,Short,-2.4780452039650154
Number of distractions,Addicted,Short,3.182370267629842
Number of distractions,Addicted,Short,2.956410166117143
Number of distractions,Addicted,Short,0.7147990984978665
Number of distractions,Addicted,Short,3.790000769091452
Number of distractions,Addicted,Short,1.761658619751753
Number of distractions,Addicted,Short,0.6369256124129337
Number of distractions,Addicted,Short,1.7318161818295534
Number of distractions,Addicted,Short,-1.8140768169863364
Number of distractions,Addicted,Short,-0.44294408201515445
Number of distractions,Addicted,Short,0.9462125691277854
Number of distractions,Addicted,Short,5.326020577078905
Number of distractions,Addicted,Short,-5.215861038394516
Number of distractions,Addicted,Short,4.322549910824415
Number of distractions,Addicted,Medium,2.045242608938776
Number of distractions,Addicted,Medium,4.308258775937902
Number of distractions,Addicted,Medium,1.3288864976200556
Number of distractions,Addicted,Medium,2.38981613758459
Number of distractions,Addicted,Medium,1.3668803749894574
Number of distractions,Addicted,Medium,3.5431995884421505
Number of distractions,Addicted,Medium,1.1441500127394528
Number of distractions,Addicted,Medium,7.444068182501013
Number of distractions,Addicted,Medium,1.3366104854495178
Number of distractions,Addicted,Medium,4.921347523042964
Number of distractions,Addicted,Medium,0.9747221833713713
Number of distractions,Addicted,Medium,-1.6953199277538755
Number of distractions,Addicted,Medium,3.8308260231311064
Number of distractions,Addicted,Medium,4.491821301424226
Number of distractions,Addicted,Medium,3.7032159825728264
Number of distractions,Addicted,Medium,5.452642682292415
Number of distractions,Addicted,Medium,7.141100788125353
Number of distractions,Addicted,Medium,4.754667371641655
Number of distractions,Addicted,Medium,2.8766159887663907
Number of distractions,Addicted,Medium,5.2711641259657664
Number of distractions,Addicted,Medium,4.9578688895119205
Number of distractions,Addicted,Medium,7.6612351842051805
Number of distractions,Addicted,Medium,7.339625280257885
Number of distractions,Addicted,Medium,4.951215670219697
Number of distractions,Addicted,Medium,3.432829725017884
Number of distractions,Addicted,Medium,1.0229431650068133
Number of distractions,Addicted,Medium,6.155274409828347
Number of distractions,Addicted,Medium,0.5133324596759441
Number of distractions,Addicted,Medium,10.582245505071906
Number of distractions,Addicted,Medium,3.6098118799420584
Number of distractions,Addicted,Medium,1.2600247904661623
Number of distractions,Addicted,Medium,2.7138969459822926
Number of distractions,Addicted,Medium,2.0383209564337728
Number of distractions,Addicted,Medium,4.783825639611464
Number of distractions,Addicted,Medium,10.204005848721522
Number of distractions,Addicted,Medium,2.990496924297198
Number of distractions,Addicted,Medium,3.922646872620229
Number of distractions,Addicted,Medium,9.753709915300199
Number of distractions,Addicted,Medium,-0.14232215928105418
Number of distractions,Addicted,Medium,1.7075624026996161
Number of distractions,Addicted,Medium,3.1459474656325592
Number of distractions,Addicted,Medium,2.3092790309272058
Number of distractions,Addicted,Medium,4.284754404096903
Number of distractions,Addicted,Medium,7.640648092928226
Number of distractions,Addicted,Medium,8.523021572718406
Number of distractions,Addicted,Medium,2.553547399283624
Number of distractions,Addicted,Medium,4.2778642789859465
Number of distractions,Addicted,Medium,4.043040204246901
Number of distractions,Addicted,Medium,0.5157839092978609
Number of distractions,Addicted,Medium,3.961087296840935
Number of distractions,Addicted,Medium,4.6766802944143
Number of distractions,Addicted,Medium,9.498895921652489
Number of distractions,Addicted,Medium,12.360166742336483
Number of distractions,Addicted,Medium,4.262827916813599
Number of distractions,Addicted,Medium,2.265950442231058
Number of distractions,Addicted,Medium,5.582184664618733
Number of distractions,Addicted,Medium,4.925861439278725
Number of distractions,Addicted,Medium,3.620707591295351
Number of distractions,Addicted,Medium,8.113688735315437
Number of distractions,Addicted,Medium,1.620216874810433
Number of distractions,Addicted,Medium,2.8834202363581527
Number of distractions,Addicted,Medium,-0.11230920529873245
Number of distractions,Addicted,Medium,5.210767174512137
Number of distractions,Addicted,Medium,6.6807247157152725
Number of distractions,Addicted,Medium,4.945127830532259
Number of distractions,Addicted,Medium,0.3967776840325503
Number of distractions,Addicted,Medium,6.224758057267636
Number of distractions,Addicted,Medium,8.107638736227115
Number of distractions,Addicted,Medium,2.7201976126364587
Number of distractions,Addicted,Medium,1.5991825293123978
Number of distractions,Addicted,Medium,6.4737301783080685
Number of distractions,Addicted,Medium,4.782594839145238
Number of distractions,Addicted,Medium,1.1255255553570334
Number of distractions,Addicted,Medium,6.813134419153391
Number of distractions,Addicted,Medium,9.116085640150004
Number of distractions,Addicted,Medium,3.239947966337694
Number of distractions,Addicted,Medium,2.6705931976898185
Number of distractions,Addicted,Medium,2.3530649809064967
Number of distractions,Addicted,Medium,3.0627913125165476
Number of distractions,Addicted,Medium,3.939253150815646
Number of distractions,Addicted,Medium,6.789291790277711
Number of distractions,Addicted,Medium,2.964671805306369
Number of distractions,Addicted,Medium,2.731942327965325
Number of distractions,Addicted,Medium,0.42850495130068555
Number of distractions,Addicted,Medium,1.601217747327519
Number of distractions,Addicted,Medium,4.068765631704438
Number of distractions,Addicted,Medium,4.027704086372698
Number of distractions,Addicted,Medium,-2.2506975208184525
Number of distractions,Addicted,Medium,2.7063365324589794
Number of distractions,Addicted,Medium,-0.6617359773946139
Number of distractions,Addicted,Medium,5.659866081166321
Number of distractions,Addicted,Medium,-0.3581742781485082
Number of distractions,Addicted,Medium,0.9600365468248686
Number of distractions,Addicted,Medium,5.0824200126220775
Number of distractions,Addicted,Medium,8.463767604974475
Number of distractions,Addicted,Medium,2.8835259952767625
Number of distractions,Addicted,Medium,4.586230996288973
Number of distractions,Addicted,Medium,4.549788688669892
Number of distractions,Addicted,Medium,-1.4859358655525097
Number of distractions,Addicted,Medium,6.822153496992179
Number of distractions,Addicted,Long,3.634793176663943
Number of distractions,Addicted,Long,2.486871972026452
Number of distractions,Addicted,Long,2.2734681033670237
Number of distractions,Addicted,Long,5.188992867207801
Number of distractions,Addicted,Long,-1.3819866203204558
Number of distractions,Addicted,Long,1.915881682017487
Number of distractions,Addicted,Long,5.262745937700312
Number of distractions,Addicted,Long,1.9648632983779617
Number of distractions,Addicted,Long,2.4625778327728436
Number of distractions,Addicted,Long,5.633558094659414
Number of distractions,Addicted,Long,2.1412280488420223
Number of distractions,Addicted,Long,2.883828061140939
Number of distractions,Addicted,Long,10.250508651080175
Number of distractions,Addicted,Long,4.737433933016071
Number of distractions,Addicted,Long,4.106750420345393
Number of distractions,Addicted,Long,3.4066276067060564
Number of distractions,Addicted,Long,2.550851612363883
Number of distractions,Addicted,Long,6.4748765137310045
Number of distractions,Addicted,Long,2.6405364421340427
Number of distractions,Addicted,Long,6.251792029055585
Number of distractions,Addicted,Long,-0.12681074370231116
Number of distractions,Addicted,Long,8.907472741781781
Number of distractions,Addicted,Long,10.85168152271456
Number of distractions,Addicted,Long,6.257175423816402
Number of distractions,Addicted,Long,-2.2150139125348165
Number of distractions,Addicted,Long,1.6511274516145953
Number of distractions,Addicted,Long,6.530124933946594
Number of distractions,Addicted,Long,9.336946220784784
Number of distractions,Addicted,Long,5.245006025296095
Number of distractions,Addicted,Long,9.296724731228334
Number of distractions,Addicted,Long,2.749879476208559
Number of distractions,Addicted,Long,5.011587780800079
Number of distractions,Addicted,Long,3.3124079803804474
Number of distractions,Addicted,Long,4.3621472083930755
Number of distractions,Addicted,Long,9.638253765089146
Number of distractions,Addicted,Long,5.154013968155452
Number of distractions,Addicted,Long,9.504928586359199
Number of distractions,Addicted,Long,5.23004005154497
Number of distractions,Addicted,Long,6.788569916422824
Number of distractions,Addicted,Long,7.830561511061478
Number of distractions,Addicted,Long,-0.0693747563087479
Number of distractions,Addicted,Long,4.538071332439401
Number of distractions,Addicted,Long,9.78723841103459
Number of distractions,Addicted,Long,-0.37360844071837107
Number of distractions,Addicted,Long,-0.8496619828232825
Number of distractions,Addicted,Long,1.5725336695912562
Number of distractions,Addicted,Long,3.414705799854328
Number of distractions,Addicted,Long,10.59511938160339
Number of distractions,Addicted,Long,10.205259340544163
Number of distractions,Addicted,Long,9.782572227338068
Number of distractions,Addicted,Long,10.82916413103136
Number of distractions,Addicted,Long,4.3130166506857135
Number of distractions,Addicted,Long,6.264827576228379
Number of distractions,Addicted,Long,4.478254403260206
Number of distractions,Addicted,Long,4.381262419827531
Number of distractions,Addicted,Long,4.2758179424186515
Number of distractions,Addicted,Long,1.811475741339395
Number of distractions,Addicted,Long,3.613765437239115
Number of distractions,Addicted,Long,3.383544388656216
Number of distractions,Addicted,Long,-1.2244143484488088
Number of distractions,Addicted,Long,3.352080988284352
Number of distractions,Addicted,Long,5.691322793556958
Number of distractions,Addicted,Long,7.556067953968446
Number of distractions,Addicted,Long,5.463628949650486
Number of distractions,Addicted,Long,6.351479240882933
Number of distractions,Addicted,Long,4.747161687668849
Number of distractions,Addicted,Long,5.19483678694515
Number of distractions,Addicted,Long,3.6155678183667037
Number of distractions,Addicted,Long,5.205059738480594
Number of distractions,Addicted,Long,3.965319520785532
Number of distractions,Addicted,Long,7.225478871343617
Number of distractions,Addicted,Long,9.294288231834066
Number of distractions,Addicted,Long,8.504160693644955
Number of distractions,Addicted,Long,10.848214807164728
Number of distractions,Addicted,Long,-2.8859925806671223
Number of distractions,Addicted,Long,6.202362028779307
Number of distractions,Addicted,Long,-4.625701663372682
Number of distractions,Addicted,Long,3.0062889008671867
Number of distractions,Addicted,Long,-0.4903353128594041
Number of distractions,Addicted,Long,5.2862285406383736
Number of distractions,Addicted,Long,11.039680818886149
Number of distractions,Addicted,Long,0.3539261130261844
Number of distractions,Addicted,Long,0.7842461870202442
Number of distractions,Addicted,Long,-2.8308930190984647
Number of distractions,Addicted,Long,3.402902074089198
Number of distractions,Addicted,Long,3.3370473894366457
Number of distractions,Addicted,Long,4.268260135555072
Number of distractions,Addicted,Long,5.316465990803532
Number of distractions,Addicted,Long,5.055872429419141
Number of distractions,Addicted,Long,4.532393711108931
Number of distractions,Addicted,Long,4.027950869017157
Number of distractions,Addicted,Long,3.450892539610062
Number of distractions,Addicted,Long,7.283524755821069
Number of distractions,Addicted,Long,8.577225154487403
Number of distractions,Addicted,Long,10.26747521247201
Number of distractions,Addicted,Long,3.3045036361058546
Number of distractions,Addicted,Long,5.4990080848689775
Number of distractions,Addicted,Long,-0.10633408620582152
Number of distractions,Addicted,Long,2.45862071568465
Number of distractions,Addicted,Long,3.7409503004012876
Non-addicted,1.591,Short,3.241124384456464
Non-addicted,1.591,Short,5.0127861562088665
Non-addicted,1.591,Short,2.4795043738789744
Non-addicted,1.591,Short,1.8327214149566013
Non-addicted,1.591,Short,1.6945675194819054
Non-addicted,1.591,Short,-0.471928912296689
Non-addicted,1.591,Short,0.9968534403986117
Non-addicted,1.591,Short,1.772473130963921
Non-addicted,1.591,Short,1.1473282811094956
Non-addicted,1.591,Short,3.473605397134543
Non-addicted,1.591,Short,1.033237044135742
Non-addicted,1.591,Short,5.6446585732520225
Non-addicted,1.591,Short,1.0912690755445924
Non-addicted,1.591,Short,2.1148102627941228
Non-addicted,1.591,Short,1.490478553903403
Non-addicted,1.591,Short,2.237273108932453
Non-addicted,1.591,Short,0.9635924256795512
Non-addicted,1.591,Short,0.14102316867748366
Non-addicted,1.591,Short,2.1241433327493224
Non-addicted,1.591,Short,2.558695246034393
Non-addicted,1.591,Short,3.9599001590303855
Non-addicted,1.591,Short,4.380421690520726
Non-addicted,1.591,Short,3.5487777988449927
Non-addicted,1.591,Short,2.1178726630647984
Non-addicted,1.591,Short,0.5596891768467631
Non-addicted,1.591,Short,0.7055403015410238
Non-addicted,1.591,Short,0.4081613643457236
Non-addicted,1.591,Short,2.038289722655533
Non-addicted,1.591,Short,1.9305619915494854
Non-addicted,1.591,Short,2.549947722003414
Non-addicted,1.591,Short,2.0723913666286164
Non-addicted,1.591,Short,0.1559591093599484
Non-addicted,1.591,Short,4.3326122638219635
Non-addicted,1.591,Short,3.5481736450251113
Non-addicted,1.591,Short,1.6875028464204118
Non-addicted,1.591,Short,3.968065584232071
Non-addicted,1.591,Short,1.0416994929923047
Non-addicted,1.591,Short,2.230892352074538
Non-addicted,1.591,Short,0.19188033089880063
Non-addicted,1.591,Short,3.3268399173164505
Non-addicted,1.591,Short,0.4808375191033005
Non-addicted,1.591,Short,2.133508922418275
Non-addicted,1.591,Short,2.065795613376356
Non-addicted,1.591,Short,1.7026277110053676
Non-addicted,1.591,Short,0.7413694833339095
Non-addicted,1.591,Short,2.708383818001485
Non-addicted,1.591,Short,3.2685803916377867
Non-addicted,1.591,Short,1.6346465958316394
Non-addicted,1.591,Short,1.9358932621079463
Non-addicted,1.591,Short,2.024078165823545
Non-addicted,1.591,Short,-0.01733488697640495
Non-addicted,1.591,Short,3.379919421144368
Non-addicted,1.591,Short,1.7104719555986763
Non-addicted,1.591,Short,1.017618834732935
Non-addicted,1.591,Short,3.852130935016164
Non-addicted,1.591,Short,2.3831099483167764
Non-addicted,1.591,Short,2.4992509302871486
Non-addicted,1.591,Short,5.533189334973998
Non-addicted,1.591,Short,2.339817876906878
Non-addicted,1.591,Short,2.7487850971175263
Non-addicted,1.591,Short,2.1714842642136127
Non-addicted,1.591,Short,3.8224012440450315
Non-addicted,1.591,Short,1.419142391086374
Non-addicted,1.591,Short,2.3931337531874974
Non-addicted,1.591,Short,3.057293335841
Non-addicted,1.591,Short,1.741058874652736
Non-addicted,1.591,Short,3.9919977032811076
Non-addicted,1.591,Short,1.7514744039158228
Non-addicted,1.591,Short,1.6590757588730902
Non-addicted,1.591,Short,0.09560444089240683
Non-addicted,1.591,Short,1.6431194374771487
Non-addicted,1.591,Short,1.778923398393726
Non-addicted,1.591,Short,1.3937680842329465
Non-addicted,1.591,Short,2.297298148276846
Non-addicted,1.591,Short,2.4244076875476224
Non-addicted,1.591,Short,2.6116885439883744
Non-addicted,1.591,Short,3.098381149265329
Non-addicted,1.591,Short,3.1695015725147258
Non-addicted,1.591,Short,3.475337261955554
Non-addicted,1.591,Short,0.8397131781880138
Non-addicted,1.591,Short,0.3443718937361
Non-addicted,1.591,Short,1.2334541026133503
Non-addicted,1.591,Short,1.0268541892542307
Non-addicted,1.591,Short,3.0989031967717664
Non-addicted,1.591,Short,1.753960580581754
Non-addicted,1.591,Short,1.6837894365913566
Non-addicted,1.591,Short,4.827150916619075
Non-addicted,1.591,Short,3.353197095107582
Non-addicted,1.591,Short,4.179335877848883
Non-addicted,1.591,Short,-0.2741822546550412
Non-addicted,1.591,Short,0.7593171781347543
Non-addicted,1.591,Short,1.4745878431164385
Non-addicted,1.591,Short,1.0358211757722346
Non-addicted,1.591,Short,5.503276429100398
Non-addicted,1.591,Short,3.126700338081557
Non-addicted,1.591,Short,-3.231626132454796
Non-addicted,1.591,Short,-0.8504827977058032
Non-addicted,1.591,Short,3.6144246086482537
Non-addicted,1.591,Short,1.4901151200082612
Non-addicted,1.591,Short,1.5934265750096273
Non-addicted,1.591,Medium,4.170133645843579
Non-addicted,1.591,Medium,1.6880891545379408
Non-addicted,1.591,Medium,3.1341990757121057
Non-addicted,1.591,Medium,2.339168812043467
Non-addicted,1.591,Medium,3.074391601479789
Non-addicted,1.591,Medium,1.5416026336423054
Non-addicted,1.591,Medium,1.6595639270887346
Non-addicted,1.591,Medium,4.572022610383296
Non-addicted,1.591,Medium,2.038040111705023
Non-addicted,1.591,Medium,0.6665442265012129
Non-addicted,1.591,Medium,2.506764047831038
Non-addicted,1.591,Medium,2.68760137171563
Non-addicted,1.591,Medium,3.5100152584284894
Non-addicted,1.591,Medium,4.008280995924764
Non-addicted,1.591,Medium,1.3554216447010419
Non-addicted,1.591,Medium,1.229058518056624
Non-addicted,1.591,Medium,1.3024299464702063
Non-addicted,1.591,Medium,2.7501792797991405
Non-addicted,1.591,Medium,2.6259983201736747
Non-addicted,1.591,Medium,1.6248457175156314
Non-addicted,1.591,Medium,3.452329411968196
Non-addicted,1.591,Medium,2.133422110771075
Non-addicted,1.591,Medium,0.166015026839474
Non-addicted,1.591,Medium,3.1222759216470104
Non-addicted,1.591,Medium,1.7095922071950609
Non-addicted,1.591,Medium,2.5623435993335586
Non-addicted,1.591,Medium,2.3053023263230834
Non-addicted,1.591,Medium,1.4307636617505013
Non-addicted,1.591,Medium,2.108204032610519
Non-addicted,1.591,Medium,1.4032798956706314
Non-addicted,1.591,Medium,2.5752847222106454
Non-addicted,1.591,Medium,1.8437436777826917
Non-addicted,1.591,Medium,2.345677373216353
Non-addicted,1.591,Medium,2.5615834166480083
Non-addicted,1.591,Medium,2.9835016429245274
Non-addicted,1.591,Medium,3.0417993256388995
Non-addicted,1.591,Medium,2.369269939425493
Non-addicted,1.591,Medium,0.6339464038245115
Non-addicted,1.591,Medium,2.7860289560931752
Non-addicted,1.591,Medium,1.65055136870137
Non-addicted,1.591,Medium,1.9265265843104507
Non-addicted,1.591,Medium,2.9052239484682962
Non-addicted,1.591,Medium,1.4191933510858177
Non-addicted,1.591,Medium,1.4184835408763976
Non-addicted,1.591,Medium,3.263058832341633
Non-addicted,1.591,Medium,1.1141502268916887
Non-addicted,1.591,Medium,0.7131257333793517
Non-addicted,1.591,Medium,3.6682892011986885
Non-addicted,1.591,Medium,0.3266456166694993
Non-addicted,1.591,Medium,1.6583926744114923
Non-addicted,1.591,Medium,3.8078224846820414
Non-addicted,1.591,Medium,0.6371227621320139
Non-addicted,1.591,Medium,3.575128076059489
Non-addicted,1.591,Medium,1.1895865217019301
Non-addicted,1.591,Medium,2.7835204729865923
Non-addicted,1.591,Medium,1.593489999243479
Non-addicted,1.591,Medium,2.4695059623398885
Non-addicted,1.591,Medium,1.2800918812829822
Non-addicted,1.591,Medium,2.8329026528118995
Non-addicted,1.591,Medium,3.340615030653587
Non-addicted,1.591,Medium,1.4190070350629702
Non-addicted,1.591,Medium,2.0210702303834505
Non-addicted,1.591,Medium,2.4381851189250914
Non-addicted,1.591,Medium,2.318734355241868
Non-addicted,1.591,Medium,3.555393015013364
Non-addicted,1.591,Medium,2.0486237292022773
Non-addicted,1.591,Medium,1.7105426561327777
Non-addicted,1.591,Medium,1.6556407789156191
Non-addicted,1.591,Medium,2.1290770834151758
Non-addicted,1.591,Medium,1.257322737356887
Non-addicted,1.591,Medium,2.985570455247739
Non-addicted,1.591,Medium,1.3019620550005095
Non-addicted,1.591,Medium,2.182163776478615
Non-addicted,1.591,Medium,2.4344658596807736
Non-addicted,1.591,Medium,2.258500001449583
Non-addicted,1.591,Medium,3.8907697423541845
Non-addicted,1.591,Medium,2.671876170086076
Non-addicted,1.591,Medium,2.773899106255987
Non-addicted,1.591,Medium,3.684715047469215
Non-addicted,1.591,Medium,3.021744391910738
Non-addicted,1.591,Medium,3.114783562150016
Non-addicted,1.591,Medium,3.1169420263312997
Non-addicted,1.591,Medium,0.4996977881437825
Non-addicted,1.591,Medium,3.5548059735643505
Non-addicted,1.591,Medium,1.290935228176889
Non-addicted,1.591,Medium,1.5221542679106828
Non-addicted,1.591,Medium,3.2127951439417184
Non-addicted,1.591,Medium,2.1371138755014507
Non-addicted,1.591,Medium,0.827819400867728
Non-addicted,1.591,Medium,3.031553721156886
Non-addicted,1.591,Medium,3.585510296526273
Non-addicted,1.591,Medium,3.9384229088819875
Non-addicted,1.591,Medium,1.273426198014379
Non-addicted,1.591,Medium,3.910438010208362
Non-addicted,1.591,Medium,-0.7650765942330873
Non-addicted,1.591,Medium,0.7272767623019569
Non-addicted,1.591,Medium,0.9762584862795873
Non-addicted,1.591,Medium,2.0016933962232595
Non-addicted,1.591,Medium,2.366559187905848
Non-addicted,1.591,Medium,3.404349528910087
Non-addicted,1.591,Long,
Non-addicted,1.591,Long,
Non-addicted,1.591,Long,
Non-addicted,1.591,Long,
Non-addicted,1.591,Long,
Non-addicted,1.591,Long,
Non-addicted,1.591,Long,
Non-addicted,1.591,Long,
Non-addicted,1.591,Long,
Non-addicted,1.591,Long,
Non-addicted,1.591,Long,
Non-addicted,1.591,Long,
Non-addicted,1.591,Long,
Non-addicted,1.591,Long,
Non-addicted,1.591,Long,
Non-addicted,1.591,Long,
Non-addicted,1.591,Long,
Non-addicted,1.591,Long,
Non-addicted,1.591,Long,
Non-addicted,1.591,Long,
Non-addicted,1.591,Long,
Non-addicted,1.591,Long,
Non-addicted,1.591,Long,
Non-addicted,1.591,Long,
Non-addicted,1.591,Long,
Non-addicted,1.591,Long,
Non-addicted,1.591,Long,
Non-addicted,1.591,Long,
Non-addicted,1.591,Long,
Non-addicted,1.591,Long,
Non-addicted,1.591,Long,
Non-addicted,1.591,Long,
Non-addicted,1.591,Long,
Non-addicted,1.591,Long,
Non-addicted,1.591,Long,
Non-addicted,1.591,Long,
Non-addicted,1.591,Long,
Non-addicted,1.591,Long,
Non-addicted,1.591,Long,
Non-addicted,1.591,Long,
Non-addicted,1.591,Long,
Non-addicted,1.591,Long,
Non-addicted,1.591,Long,
Non-addicted,1.591,Long,
Non-addicted,1.591,Long,
Non-addicted,1.591,Long,
Non-addicted,1.591,Long,
Non-addicted,1.591,Long,
Non-addicted,1.591,Long,
Non-addicted,1.591,Long,
Non-addicted,1.591,Long,
Non-addicted,1.591,Long,
Non-addicted,1.591,Long,
Non-addicted,1.591,Long,
Non-addicted,1.591,Long,
Non-addicted,1.591,Long,
Non-addicted,1.591,Long,
Non-addicted,1.591,Long,
Non-addicted,1.591,Long,
Non-addicted,1.591,Long,
Non-addicted,1.591,Long,
Non-addicted,1.591,Long,
Non-addicted,1.591,Long,
Non-addicted,1.591,Long,
Non-addicted,1.591,Long,
Non-addicted,1.591,Long,
Non-addicted,1.591,Long,
Non-addicted,1.591,Long,
Non-addicted,1.591,Long,
Non-addicted,1.591,Long,
Non-addicted,1.591,Long,
Non-addicted,1.591,Long,
Non-addicted,1.591,Long,
Non-addicted,1.591,Long,
Non-addicted,1.591,Long,
Non-addicted,1.591,Long,
Non-addicted,1.591,Long,
Non-addicted,1.591,Long,
Non-addicted,1.591,Long,
Non-addicted,1.591,Long,
Non-addicted,1.591,Long,
Non-addicted,1.591,Long,
Non-addicted,1.591,Long,
Non-addicted,1.591,Long,
Non-addicted,1.591,Long,
Non-addicted,1.591,Long,
Non-addicted,1.591,Long,
Non-addicted,1.591,Long,
Non-addicted,1.591,Long,
Non-addicted,1.591,Long,
Non-addicted,1.591,Long,
Non-addicted,1.591,Long,
Non-addicted,1.591,Long,
Non-addicted,1.591,Long,
Non-addicted,1.591,Long,
Non-addicted,1.591,Long,
Non-addicted,1.591,Long,
Non-addicted,1.591,Long,
Non-addicted,1.591,Long,
Non-addicted,1.591,Long,
